{
    "offset": [
        -8254.358378526114,
        4030.406873602531
    ],
    "scale": -0.6974918063835348,
    "angle": 2976.0
}